URL,Type,Subtype,Price,Bedroom,Living_area,Locality,Swimming_pool,Garden_area,Surface_of_land,Terrace,Kitchen
https://www.immoweb.be/en/classified/mansion/for-sale/bruxelles/1000/10653822,house,mansion,1950000,6,497.0,1000,False,40,242,True,semi equipped
https://www.immoweb.be/en/classified/house/for-sale/bruxelles/1000/9893520,house,house,465000,4,229.0,1000,False,,110,True,hyper equipped
https://www.immoweb.be/en/classified/mixed-use-building/for-sale/bruxelles/1000/9402335,house,mixed use building,1200000,3,568.0,1000,False,,196,True,installed
https://www.immoweb.be/en/classified/mixed-use-building/for-sale/bruxelles/1000/10652783,house,mixed use building,385000,1,80.0,1000,False,,27,True,installed
https://www.immoweb.be/en/classified/mansion/for-sale/bruxelles/1000/10492906,house,mansion,990000,10,300.0,1000,False,40,200,True,usa hyper equipped
https://www.immoweb.be/en/classified/house/for-sale/bruxelles/1000/10280075,house,house,325000,1,77.0,1000,False,,88,True,usa hyper equipped
https://www.immoweb.be/en/classified/house/for-sale/bruxelles%20ville/1000/10596897,house,house,375000,4,110.0,1000,False,,26,True,not installed
https://www.immoweb.be/en/classified/apartment-block/for-sale/bruxelles/1000/10488148,house,apartment block,849000,5,230.0,1000,False,,230,True,hyper equipped
https://www.immoweb.be/en/classified/house/for-sale/bruxelles/1000/10641195,house,house,580000,4,179.0,1000,False,,80,True,installed
https://www.immoweb.be/en/classified/house/for-sale/bruxelles/1000/10573731,house,house,250000,4,75.0,1000,False,,17,True,installed
https://www.immoweb.be/en/classified/house/for-sale/brussels%20city/1000/10621573,house,house,749000,7,250.0,1000,False,30,111,True,semi equipped
https://www.immoweb.be/en/classified/apartment-block/for-sale/bruxelles/1000/10571543,house,apartment block,1950000,10,550.0,1000,False,,106,True,usa semi equipped
https://www.immoweb.be/en/classified/apartment-block/for-sale/bruxelles/1000/10663647,house,apartment block,1500000,4,420.0,1000,False,30,0,True,semi equipped
https://www.immoweb.be/en/classified/house/for-sale/bruxelles/1000/10433751,house,house,420000,2,102.0,1000,False,,30,True,usa hyper equipped
https://www.immoweb.be/en/classified/house/for-sale/bruxelles/1000/10541138,house,house,575000,5,220.0,1000,False,48,120,True,hyper equipped
https://www.immoweb.be/en/classified/apartment-block/for-sale/bruxelles/1000/10393289,house,apartment block,670000,5,234.0,1000,False,30,100,True,usa installed
https://www.immoweb.be/en/classified/house/for-sale/brussel/1000/10540761,house,house,1290000,4,700.0,1000,False,,339,True,
https://www.immoweb.be/en/classified/mixed-use-building/for-sale/bruxelles/1000/10326532,house,mixed use building,1299000,5,526.0,1000,False,,105,True,usa hyper equipped
https://www.immoweb.be/en/classified/mixed-use-building/for-sale/bruxelles/1000/10641187,house,mixed use building,675000,7,300.0,1000,False,,0,True,installed
https://www.immoweb.be/en/classified/house/for-sale/bruxelles/1000/10655471,house,house,595000,4,293.0,1000,False,70,245,True,usa hyper equipped
https://www.immoweb.be/en/classified/exceptional-property/for-sale/brussels%20city/1000/10654308,house,exceptional property,960000,6,353.0,1000,False,290,1090,True,usa hyper equipped
https://www.immoweb.be/en/classified/house/for-sale/bruxelles%20ville/1000/10519833,house,house,2200000,4,276.0,1000,False,50,136,True,hyper equipped
https://www.immoweb.be/en/classified/villa/for-sale/brussels%20city/1000/10604379,house,villa,2990000,5,500.0,1000,False,,12387,True,
https://www.immoweb.be/en/classified/apartment-block/for-sale/bruxelles/1000/10650067,house,apartment block,645000,5,353.0,1000,False,35,0,True,usa installed
https://www.immoweb.be/en/classified/apartment-block/for-sale/bruxelles/1000/10646560,house,apartment block,3600000,14,946.0,1000,False,20,565,True,usa hyper equipped
https://www.immoweb.be/en/classified/house/for-sale/bruxelles/1000/10492935,house,house,410000,2,100.0,1000,False,,109,True,usa hyper equipped
https://www.immoweb.be/en/classified/house/for-sale/bruxelles/1000/10388903,house,house,550000,2,82.0,1000,False,,0,True,usa installed
https://www.immoweb.be/en/classified/apartment-block/for-sale/bruxelles/1000/10589429,house,apartment block,625000,6,350.0,1000,False,200,411,True,
https://www.immoweb.be/en/classified/house/for-sale/bruxelles%20ville/1000/10545252,house,house,795000,6,279.0,1000,False,,98,True,
https://www.immoweb.be/en/classified/apartment-block/for-sale/bruxelles/1000/10100295,house,apartment block,825000,5,255.0,1000,False,30,107,True,usa installed
https://www.immoweb.be/en/classified/house/for-sale/lebbeke/9280/10665736,house,house,398000,3,198.0,9280,False,112,483,True,installed
https://www.immoweb.be/en/classified/villa/for-sale/laarne/9270/10665726,house,villa,2370000,4,650.0,9270,True,,5513,True,hyper equipped
https://www.immoweb.be/en/classified/house/for-sale/rijkevorsel/2310/10665716,house,house,389000,3,220.0,2310,False,690,963,True,
https://www.immoweb.be/en/classified/house/for-sale/heers/3870/10665713,house,house,389000,3,205.0,3870,False,,606,True,installed
https://www.immoweb.be/en/classified/apartment-block/for-sale/hasselt/3500/10665712,house,apartment block,285000,3,120.0,3500,False,,0,True,installed
https://www.immoweb.be/en/classified/apartment/for-sale/sint-truiden/3800/10665711,apartment,apartment,199000,2,73.0,3800,False,,,True,installed
https://www.immoweb.be/en/classified/house/for-sale/beersel/1650/10665710,house,house,285000,3,154.0,1650,False,,687,True,
https://www.immoweb.be/en/classified/apartment-block/for-sale/essenbeek/1500/10665701,house,apartment block,450000,3,203.0,1500,False,110,330,True,installed
https://www.immoweb.be/en/classified/apartment/for-sale/uccle/1180/10665700,apartment,apartment,275000,2,79.0,1180,False,,,True,semi equipped
https://www.immoweb.be/en/classified/apartment/for-sale/bruxelles/1000/10665699,apartment,apartment,295000,1,94.0,1000,False,,,True,usa hyper equipped
https://www.immoweb.be/en/classified/penthouse/for-sale/bredene/8450/10665696,apartment,penthouse,229000,1,95.0,8450,False,,,True,semi equipped
https://www.immoweb.be/en/classified/house/for-sale/haillot/5351/10665689,house,house,309000,3,130.0,5351,False,,1980,True,
https://www.immoweb.be/en/classified/house/for-sale/marcinelle/6001/10665685,house,house,209000,3,150.0,6001,False,225,225,True,installed
https://www.immoweb.be/en/classified/house/for-sale/soli%C3%88res/4500/10665684,house,house,349000,4,238.0,4500,False,,1280,True,installed
https://www.immoweb.be/en/classified/apartment-block/for-sale/diepenbeek/3590/10665682,house,apartment block,680000,8,435.0,3590,False,,1388,True,installed
https://www.immoweb.be/en/classified/exceptional-property/for-sale/diepenbeek/3590/10665681,house,exceptional property,680000,8,435.0,3590,False,,1388,True,installed
https://www.immoweb.be/en/classified/penthouse/for-sale/schaerbeek/1030/10665680,apartment,penthouse,390000,2,,1030,False,,,True,
https://www.immoweb.be/en/classified/new-real-estate-project-apartments/for-sale/evere/1140/10665668,apartment group,apartment group,325000 - 595000,,,1140,False,,,True,
https://www.immoweb.be/en/classified/apartment/for-sale/evere/1140/10665666,apartment,apartment,325000,1,76.0,1140,False,,,True,usa hyper equipped
https://www.immoweb.be/en/classified/apartment/for-sale/evere/1140/10665665,apartment,apartment,375000,2,102.0,1140,False,,,True,usa hyper equipped
https://www.immoweb.be/en/classified/apartment/for-sale/brugge/8000/10665662,apartment,apartment,273900,2,,8000,False,,,True,
https://www.immoweb.be/en/classified/apartment/for-sale/edegem/2650/10665661,apartment,apartment,215000,2,94.0,2650,False,,,True,semi equipped
https://www.immoweb.be/en/classified/house/for-sale/wetteren/9230/10665660,house,house,323500,4,,9230,False,,160,True,
https://www.immoweb.be/en/classified/house/for-sale/zelzate/9060/10665659,house,house,382900,3,,9060,False,,163,True,
https://www.immoweb.be/en/classified/penthouse/for-sale/nivelles/1400/10665658,apartment,penthouse,298000,2,100.0,1400,False,,,True,installed
https://www.immoweb.be/en/classified/flat-studio/for-sale/namur/5000/10665656,apartment,flat studio,85000,0,22.0,5000,False,,,True,semi equipped
https://www.immoweb.be/en/classified/villa/for-sale/grimbergen/1850/10665655,house,villa,1800000,5,392.0,1850,False,12440,13890,True,installed
https://www.immoweb.be/en/classified/house/for-sale/hermee/4680/10665653,house,house,225000,3,134.0,4680,False,,253,True,
https://www.immoweb.be/en/classified/apartment/for-sale/kapelle-op-den-bos/1880/10665652,apartment,apartment,355000,2,84.0,1880,False,,,True,installed
https://www.immoweb.be/en/classified/house/for-sale/goesnes/5353/10665649,house,house,565000,5,388.0,5353,False,,23000,True,installed
https://www.immoweb.be/en/classified/mixed-use-building/for-sale/bruxelles/1000/9520493,house,mixed use building,3200000,0,1038.0,1000,False,12,490,True,installed
https://www.immoweb.be/en/classified/apartment-block/for-sale/pentagone%20%28bruxelles%29/1000/10637797,house,apartment block,350000,4,100.0,1000,False,,100,True,
https://www.immoweb.be/en/classified/exceptional-property/for-sale/bruxelles/1000/10641182,house,exceptional property,720000,4,180.0,1000,False,,96,True,hyper equipped
https://www.immoweb.be/en/classified/apartment-block/for-sale/bruxelles/1000/10641185,house,apartment block,1075000,8,663.0,1000,False,,251,True,hyper equipped
https://www.immoweb.be/en/classified/apartment-block/for-sale/bruxelles/1000/10645544,house,apartment block,1350000,0,205.0,1000,False,,205,True,usa hyper equipped
https://www.immoweb.be/en/classified/apartment-block/for-sale/pentagone%20%28bruxelles%29/1000/10331063,house,apartment block,1290000,5,526.0,1000,False,,105,True,
https://www.immoweb.be/en/classified/house/for-sale/bruxelles/1000/10346514,house,house,550000,2,82.0,1000,False,,83,True,usa hyper equipped
https://www.immoweb.be/en/classified/house/for-sale/bruxelles/1000/10321165,house,house,685000,5,280.0,1000,False,70,149,True,semi equipped
https://www.immoweb.be/en/classified/house/for-sale/bruxelles/1000/10582144,house,house,1050000,6,334.0,1000,False,700,770,True,semi equipped
https://www.immoweb.be/en/classified/house/for-sale/bruxelles/1000/10537936,house,house,1590000,5,452.0,1000,False,,1869,True,hyper equipped
https://www.immoweb.be/en/classified/house/for-sale/bruxelles/1000/10612074,house,house,885000,6,430.0,1000,False,,10,True,
https://www.immoweb.be/en/classified/house/for-sale/bruxelles/1000/10664236,house,house,550000,5,265.0,1000,False,,110,True,installed
https://www.immoweb.be/en/classified/house/for-sale/bruxelles/1000/10584292,house,house,799000,6,208.0,1000,False,35,0,True,hyper equipped
https://www.immoweb.be/en/classified/apartment-block/for-sale/bruxelles/1000/10261696,house,apartment block,800000,8,420.0,1000,False,22,0,True,not installed
https://www.immoweb.be/en/classified/house/for-sale/bruxelles/1000/10220315,house,house,815000,5,214.0,1000,False,50,103,True,installed
https://www.immoweb.be/en/classified/exceptional-property/for-sale/bruxelles/1000/10444661,house,exceptional property,1325000,5,240.0,1000,False,,440,True,installed
https://www.immoweb.be/en/classified/house/for-sale/bruxelles/1000/10623345,house,house,4900000,6,600.0,1000,False,,685,True,hyper equipped
https://www.immoweb.be/en/classified/house/for-sale/bruxelles/1000/10572628,house,house,790000,4,250.0,1000,False,,100,True,usa hyper equipped
https://www.immoweb.be/en/classified/house/for-sale/brussels/1000/10613973,house,house,895000,6,360.0,1000,False,140,350,True,hyper equipped
https://www.immoweb.be/en/classified/villa/for-sale/bruxelles/1000/10599202,house,villa,1150000,6,550.0,1000,False,1100,1745,True,installed
https://www.immoweb.be/en/classified/mixed-use-building/for-sale/bruxelles/1000/9963351,house,mixed use building,1350000,6,300.0,1000,False,,76,True,usa installed
https://www.immoweb.be/en/classified/house/for-sale/bruxelles/1000/10641273,house,house,1085000,5,305.0,1000,False,200,0,True,hyper equipped
https://www.immoweb.be/en/classified/apartment-block/for-sale/brussels/1000/10632560,house,apartment block,1350000,3,205.0,1000,False,,110,True,
https://www.immoweb.be/en/classified/mixed-use-building/for-sale/bruxelles/1000/9522218,house,mixed use building,3200000,1,1425.0,1000,False,100,500,True,installed
https://www.immoweb.be/en/classified/apartment-block/for-sale/bruxelles/1000/10545726,house,apartment block,625000,6,350.0,1000,False,200,411,True,
https://www.immoweb.be/en/classified/house/for-sale/bruxelles/1000/10603644,house,house,2990000,5,462.0,1000,False,,12300,True,
https://www.immoweb.be/en/classified/apartment-block/for-sale/bruxelles/1000/9521970,house,apartment block,3200000,0,1425.0,1000,False,120,0,True,semi equipped
https://www.immoweb.be/en/classified/apartment-block/for-sale/bruxelles/1000/10648014,house,apartment block,1900000,7,566.0,1000,False,,0,True,
https://www.immoweb.be/en/classified/house/for-sale/bruxelles/1000/10652551,house,house,549000,6,248.0,1000,False,14,80,True,
https://www.immoweb.be/en/classified/mixed-use-building/for-sale/bruxelles/1000/10438091,house,mixed use building,750000,4,330.0,1000,False,,71,True,installed
https://www.immoweb.be/en/classified/house/for-sale/froidmont/7504/10665647,house,house,259000,4,,7504,False,,810,True,
https://www.immoweb.be/en/classified/house/for-sale/moorslede/8890/10665641,house,house,375000,5,250.0,8890,False,,630,True,installed
https://www.immoweb.be/en/classified/apartment/for-sale/de%20panne/8660/10468164,apartment,apartment,199000,1,60.0,8660,False,,,True,installed
https://www.immoweb.be/en/classified/house/for-sale/londerzeel/1840/10665638,house,house,485000,4,311.0,1840,False,,634,True,installed
https://www.immoweb.be/en/classified/house/for-sale/gent/9000/10665634,house,house,319000,4,120.0,9000,False,,51,True,
https://www.immoweb.be/en/classified/house/for-sale/gent/9000/10665633,house,house,619000,4,161.0,9000,False,71,176,True,
https://www.immoweb.be/en/classified/house/for-sale/gent/9050/10665632,house,house,429000,3,130.0,9050,False,30,75,True,
https://www.immoweb.be/en/classified/house/for-sale/heule/8501/10665630,house,house,184000,4,160.0,8501,False,,804,True,installed
https://www.immoweb.be/en/classified/house/for-sale/ledegem/8880/10665629,house,house,189000,4,,8880,False,,318,True,installed
https://www.immoweb.be/en/classified/apartment/for-sale/sint-truiden/3800/10665628,apartment,apartment,343000,2,91.0,3800,False,24,,True,installed
https://www.immoweb.be/en/classified/apartment/for-sale/sint-truiden/3800/10665627,apartment,apartment,219000,1,57.0,3800,False,14,,True,installed
https://www.immoweb.be/en/classified/house/for-sale/tongeren/3700/10665625,house,house,350000,3,185.0,3700,False,101,264,True,
https://www.immoweb.be/en/classified/house/for-sale/tongeren/3700/10665624,house,house,352500,3,186.0,3700,False,108,263,True,
https://www.immoweb.be/en/classified/house/for-sale/tongeren/3700/10665623,house,house,355000,3,187.0,3700,False,108,263,True,
https://www.immoweb.be/en/classified/house/for-sale/tongeren/3700/10665622,house,house,355000,3,187.0,3700,False,111,263,True,
https://www.immoweb.be/en/classified/house/for-sale/tongeren/3700/10665621,house,house,357500,3,185.0,3700,False,113,263,True,
https://www.immoweb.be/en/classified/house/for-sale/tongeren/3700/10665620,house,house,360000,3,186.0,3700,False,116,445,True,
https://www.immoweb.be/en/classified/apartment/for-sale/tielt/8700/10665618,apartment,apartment,205000,3,126.0,8700,False,,,True,
https://www.immoweb.be/en/classified/villa/for-sale/izegem/8870/10665617,house,villa,279000,3,,8870,False,,699,True,
https://www.immoweb.be/en/classified/apartment/for-sale/gent/9000/10551748,apartment,apartment,260000,2,90.0,9000,False,,,True,installed
https://www.immoweb.be/en/classified/house/for-sale/houthulst/8650/10665616,house,house,265000,3,162.0,8650,False,272,352,True,installed
https://www.immoweb.be/en/classified/new-real-estate-project-houses/for-sale/welden/9700/10665609,house group,house group,344000 - 375000,,,9700,False,,,True,
https://www.immoweb.be/en/classified/house/for-sale/oudenaarde/9700/10665608,house,house,373000,3,160.0,9700,False,,401,True,hyper equipped
https://www.immoweb.be/en/classified/house/for-sale/oudenaarde/9700/10665607,house,house,350000,3,169.0,9700,False,,330,True,hyper equipped
https://www.immoweb.be/en/classified/house/for-sale/oudenaarde/9700/10665606,house,house,344000,3,164.0,9700,False,,316,True,hyper equipped
https://www.immoweb.be/en/classified/house/for-sale/oudenaarde/9700/10665604,house,house,375000,3,161.0,9700,False,,429,True,hyper equipped
https://www.immoweb.be/en/classified/house/for-sale/huldenberg/3040/10665603,house,house,620000,4,,3040,False,,500,True,
https://www.immoweb.be/en/classified/apartment/for-sale/deinze/9800/10665602,apartment,apartment,249000,2,103.0,9800,False,,,True,installed
https://www.immoweb.be/en/classified/mixed-use-building/for-sale/deinze/9800/10665600,house,mixed use building,1197000,8,825.0,9800,False,,538,True,
https://www.immoweb.be/en/classified/apartment/for-sale/deinze/9800/10665599,apartment,apartment,349000,2,115.0,9800,False,,,True,installed
https://www.immoweb.be/en/classified/mixed-use-building/for-sale/brussels/1000/10649404,house,mixed use building,1590000,0,1000.0,1000,False,,1000,True,
https://www.immoweb.be/en/classified/house/for-sale/bruxelles/1000/10656409,house,house,650000,3,220.0,1000,False,41,0,True,hyper equipped
https://www.immoweb.be/en/classified/house/for-sale/bruxelles/1000/10597069,house,house,449000,2,120.0,1000,False,,0,True,installed
https://www.immoweb.be/en/classified/apartment-block/for-sale/bruxelles/1000/10498546,house,apartment block,850000,5,250.0,1000,False,,65,True,semi equipped
https://www.immoweb.be/en/classified/apartment-block/for-sale/bruxelles/1000/10252033,house,apartment block,1850000,4,468.0,1000,False,,0,True,usa hyper equipped
https://www.immoweb.be/en/classified/mansion/for-sale/bruxelles/1000/10609388,house,mansion,1950000,6,400.0,1000,False,40,0,True,hyper equipped
https://www.immoweb.be/en/classified/house/for-sale/bruxelles/1000/10582087,house,house,2200000,4,275.0,1000,False,50,342,True,usa hyper equipped
https://www.immoweb.be/en/classified/mansion/for-sale/ixelles/1000/10614272,house,mansion,3000000,5,700.0,1000,False,,300,True,installed
https://www.immoweb.be/en/classified/mansion/for-sale/brussels%20city/1000/10544668,house,mansion,1500000,5,427.0,1000,False,,489,True,
https://www.immoweb.be/en/classified/house/for-sale/bruxelles/1000/10642317,house,house,775000,3,151.0,1000,False,,0,True,usa hyper equipped
https://www.immoweb.be/en/classified/house/for-sale/bruxelles/1000/10590607,house,house,550000,2,108.0,1000,False,,0,True,usa hyper equipped
https://www.immoweb.be/en/classified/apartment-block/for-sale/bruxelles/1000/10642579,house,apartment block,990000,0,439.0,1000,False,20,145,True,
https://www.immoweb.be/en/classified/house/for-sale/bruxelles/1000/10632399,house,house,775000,3,150.0,1000,False,15,0,True,installed
https://www.immoweb.be/en/classified/apartment-block/for-sale/brussels/1000/10537852,house,apartment block,1100000,2,325.0,1000,False,,86,True,usa hyper equipped
https://www.immoweb.be/en/classified/apartment-block/for-sale/bruxelles/1000/10452091,house,apartment block,8000000,0,1950.0,1000,False,,900,True,
https://www.immoweb.be/en/classified/mixed-use-building/for-sale/bruxelles/1000/10635212,house,mixed use building,565000,0,220.0,1000,False,,46,True,
https://www.immoweb.be/en/classified/apartment-block/for-sale/bruxelles/1000/10632568,house,apartment block,1100000,5,300.0,1000,False,,120,True,installed
https://www.immoweb.be/en/classified/house/for-sale/bruxelles/1000/10135971,house,house,1195000,5,245.0,1000,False,,0,True,hyper equipped
https://www.immoweb.be/en/classified/mansion/for-sale/bruxelles/1000/10102258,house,mansion,1275000,3,450.0,1000,False,,100,True,hyper equipped
https://www.immoweb.be/en/classified/mixed-use-building/for-sale/bruxelles/1000/10638175,house,mixed use building,890000,0,320.0,1000,False,,70,True,not installed
https://www.immoweb.be/en/classified/house/for-sale/bruxelles/1000/10600632,house,house,695000,3,220.0,1000,False,41,0,True,hyper equipped
https://www.immoweb.be/en/classified/mixed-use-building/for-sale/bruxelles/1000/9776162,house,mixed use building,1420000,8,587.0,1000,False,,129,True,usa hyper equipped
https://www.immoweb.be/en/classified/castle/for-sale/bruxelles/1000/9409948,house,castle,3950000,14,1240.0,1000,False,150000,153030,True,hyper equipped
https://www.immoweb.be/en/classified/apartment-block/for-sale/bruxelles/1000/10621305,house,apartment block,849000,5,220.0,1000,False,,50,True,
https://www.immoweb.be/en/classified/house/for-sale/bruxelles/1000/10537332,house,house,885000,7,345.0,1000,False,55,0,True,hyper equipped
https://www.immoweb.be/en/classified/mansion/for-sale/koekelberg/1000/10599873,house,mansion,2450000,10,1200.0,1000,False,,1114,True,semi equipped
https://www.immoweb.be/en/classified/house/for-sale/bruxelles/1000/10625427,house,house,4900000,6,592.0,1000,False,480,685,True,
https://www.immoweb.be/en/classified/house/for-sale/bruxelles/1000/10397275,house,house,1300000,5,380.0,1000,False,102,232,True,usa hyper equipped
https://www.immoweb.be/en/classified/house/for-sale/bruxelles/1000/10582453,house,house,3950000,5,530.0,1000,False,,213,True,hyper equipped
https://www.immoweb.be/en/classified/exceptional-property/for-sale/bruxelles/1000/10567672,house,exceptional property,535000,2,140.0,1000,False,90,180,True,usa hyper equipped
https://www.immoweb.be/en/classified/house/for-sale/deinze/9800/10665598,house,house,349000,3,119.0,9800,False,,194,True,installed
https://www.immoweb.be/en/classified/house/for-sale/assebroek/8310/10665597,house,house,259000,3,,8310,False,,0,True,
https://www.immoweb.be/en/classified/apartment/for-sale/deinze/9800/10665594,apartment,apartment,199000,2,119.0,9800,False,,,True,semi equipped
https://www.immoweb.be/en/classified/house/for-sale/lokeren/9160/10665591,house,house,749000,5,216.0,9160,False,,1050,True,installed
https://www.immoweb.be/en/classified/house/for-sale/lochristi/9080/10665590,house,house,749000,5,216.0,9080,False,,1050,True,installed
https://www.immoweb.be/en/classified/villa/for-sale/assenede/9960/10665587,house,villa,525000,3,215.0,9960,False,,1730,True,installed
https://www.immoweb.be/en/classified/penthouse/for-sale/loppem/8210/10665584,apartment,penthouse,875000,3,194.0,8210,False,,,True,
https://www.immoweb.be/en/classified/house/for-sale/hasselt/3510/10665583,house,house,338000,3,148.0,3510,False,,277,True,installed
https://www.immoweb.be/en/classified/house/for-sale/brugge/8310/10665581,house,house,299000,3,156.0,8310,False,,108,True,
https://www.immoweb.be/en/classified/new-real-estate-project-apartments/for-sale/sint-gillis-waas/9170/10665573,apartment group,apartment group,299950 - 399500,,,9170,False,,,True,
https://www.immoweb.be/en/classified/house/for-sale/boussu/7300/10665570,house,house,55000,2,107.0,7300,False,,0,True,
https://www.immoweb.be/en/classified/house/for-sale/boussu/7300/10665568,house,house,45000,2,78.0,7300,False,,214,True,
https://www.immoweb.be/en/classified/house/for-sale/boussu/7300/10665566,house,house,55000,2,100.0,7300,False,,286,True,
https://www.immoweb.be/en/classified/house/for-sale/boussu/7300/10665564,house,house,55000,2,79.0,7300,False,,212,True,
https://www.immoweb.be/en/classified/new-real-estate-project-apartments/for-sale/beveren/9120/10665558,apartment group,apartment group,272000 - 459000,,,9120,False,,,True,
https://www.immoweb.be/en/classified/apartment/for-sale/uccle/1180/10665556,apartment,apartment,290000,2,90.0,1180,False,,,True,installed
https://www.immoweb.be/en/classified/apartment/for-sale/mouscron/7700/10665555,apartment,apartment,105000,1,47.0,7700,False,,,True,semi equipped
https://www.immoweb.be/en/classified/apartment/for-sale/bruxelles/1000/10665552,apartment,apartment,219000,2,80.0,1000,False,,,True,semi equipped
https://www.immoweb.be/en/classified/house/for-sale/ch%C3%A2telet/6200/10665549,house,house,179000,5,144.0,6200,False,,0,True,semi equipped
https://www.immoweb.be/en/classified/apartment/for-sale/etterbeek/1040/10665547,apartment,apartment,275000,2,69.0,1040,False,,,True,installed
https://www.immoweb.be/en/classified/apartment/for-sale/temse/9140/10665546,apartment,apartment,259000,3,93.0,9140,False,,,True,installed
https://www.immoweb.be/en/classified/villa/for-sale/temse/9140/10665544,house,villa,1589000,10,825.0,9140,True,,4670,True,hyper equipped
https://www.immoweb.be/en/classified/house/for-sale/nivelles/1400/10665539,house,house,325000,3,146.0,1400,False,200,340,True,semi equipped
https://www.immoweb.be/en/classified/house/for-sale/deurne/2100/10665533,house,house,299000,4,190.0,2100,False,60,170,True,semi equipped
https://www.immoweb.be/en/classified/apartment/for-sale/mechelen-bovelingen/3870/10665528,apartment,apartment,292500,3,133.0,3870,False,,,True,installed
https://www.immoweb.be/en/classified/house/for-sale/sint-truiden/3800/10665527,house,house,179000,2,138.0,3800,False,,0,True,semi equipped
https://www.immoweb.be/en/classified/house/for-sale/genk/3600/10553098,house,house,275000,3,124.0,3600,False,,558,True,installed
https://www.immoweb.be/en/classified/apartment/for-sale/wilrijk/2610/10665525,apartment,apartment,279000,2,86.0,2610,False,,,True,installed
https://www.immoweb.be/en/classified/apartment/for-sale/gent/9000/10665522,apartment,apartment,239000,2,75.0,9000,False,,,True,installed
https://www.immoweb.be/en/classified/apartment/for-sale/sint-amandsberg/9040/10665521,apartment,apartment,239000,2,75.0,9040,False,,,True,installed
https://www.immoweb.be/en/classified/house/for-sale/bruxelles/1000/10650011,house,house,525000,8,250.0,1000,False,,0,True,usa installed
https://www.immoweb.be/en/classified/mixed-use-building/for-sale/bruxelles/1000/10653685,house,mixed use building,535000,3,123.0,1000,False,,40,True,semi equipped
https://www.immoweb.be/en/classified/apartment-block/for-sale/bruxelles/1000/10657923,house,apartment block,750000,0,,1000,False,,150,True,
https://www.immoweb.be/en/classified/apartment-block/for-sale/bruxelles/1000/10380419,house,apartment block,650000,9,200.0,1000,False,,0,True,semi equipped
https://www.immoweb.be/en/classified/apartment-block/for-sale/bruxelles/1000/9907551,house,apartment block,2685000,10,648.0,1000,False,,400,True,installed
https://www.immoweb.be/en/classified/exceptional-property/for-sale/bruxelles/1000/9997393,house,exceptional property,1995000,5,635.0,1000,False,,0,True,hyper equipped
https://www.immoweb.be/en/classified/mansion/for-sale/bruxelles/1000/10500101,house,mansion,995000,6,269.0,1000,False,100,0,True,installed
https://www.immoweb.be/en/classified/apartment-block/for-sale/bruxelles/1000/10506635,house,apartment block,1795000,5,515.0,1000,False,,600,True,installed
https://www.immoweb.be/en/classified/house/for-sale/bruxelles/1000/10442175,house,house,295000,3,156.0,1000,False,,0,True,not installed
https://www.immoweb.be/en/classified/apartment-block/for-sale/bruxelles/1000/10649938,house,apartment block,825000,21,650.0,1000,False,,0,True,usa installed
https://www.immoweb.be/en/classified/apartment-block/for-sale/bruxelles%201/1000/10652608,house,apartment block,895000,5,285.0,1000,False,,90,True,semi equipped
https://www.immoweb.be/en/classified/mansion/for-sale/brussels/1000/10587056,house,mansion,1960000,8,680.0,1000,False,300,383,True,usa hyper equipped
https://www.immoweb.be/en/classified/apartment-block/for-sale/bruxelles/1000/10584407,house,apartment block,625000,6,240.0,1000,False,,0,True,usa installed
https://www.immoweb.be/en/classified/house/for-sale/brussels%20city/1000/10638086,house,house,589000,4,195.0,1000,False,,0,True,semi equipped
https://www.immoweb.be/en/classified/apartment-block/for-sale/bruxelles/1000/9907554,house,apartment block,695000,2,140.0,1000,False,,400,True,
https://www.immoweb.be/en/classified/mixed-use-building/for-sale/bruxelles/1000/10579933,house,mixed use building,1595000,6,360.0,1000,False,,0,True,usa installed
https://www.immoweb.be/en/classified/apartment-block/for-sale/bruxelles/1000/10314263,house,apartment block,4950000,0,750.0,1000,False,,0,True,
https://www.immoweb.be/en/classified/house/for-sale/bruxelles/1000/10444617,house,house,535000,3,123.0,1000,False,,40,True,semi equipped
https://www.immoweb.be/en/classified/house/for-sale/bruxelles/1000/10651567,house,house,199000,4,150.0,1000,False,,0,True,usa installed
https://www.immoweb.be/en/classified/house/for-sale/bruxelles/1000/10433805,house,house,735000,0,300.0,1000,False,,0,True,
https://www.immoweb.be/en/classified/apartment-block/for-sale/bruxelles/1000/10496259,house,apartment block,849000,5,,1000,False,,0,True,usa installed
https://www.immoweb.be/en/classified/exceptional-property/for-sale/bruxelles%20ville/1000/10583561,house,exceptional property,4500000,4,,1000,False,,1961,True,installed
https://www.immoweb.be/en/classified/house/for-sale/bruxelles%201/1000/10118824,house,house,685000,0,260.0,1000,False,,122,True,not installed
https://www.immoweb.be/en/classified/mixed-use-building/for-sale/bruxelles/1000/10614262,house,mixed use building,335000,0,90.0,1000,False,,0,True,
https://www.immoweb.be/en/classified/house/for-sale/bruxelles%20%201/1000/10593905,house,house,880000,5,200.0,1000,False,100,0,True,installed
https://www.immoweb.be/en/classified/apartment-block/for-sale/bruxelles/1000/10591489,house,apartment block,1300000,16,600.0,1000,False,,0,True,
https://www.immoweb.be/en/classified/apartment-block/for-sale/bruxelles/1000/10591446,house,apartment block,1500000,10,,1000,False,,0,True,
https://www.immoweb.be/en/classified/apartment-block/for-sale/bruxelles/1000/10605995,house,apartment block,300000,2,,1000,False,,0,True,installed
https://www.immoweb.be/en/classified/mixed-use-building/for-sale/bruxelles/1000/10511207,house,mixed use building,675000,0,350.0,1000,False,,0,True,installed
https://www.immoweb.be/en/classified/apartment-block/for-sale/brussels%20city/1000/9852938,house,apartment block,1750000,0,,1000,False,,0,True,
https://www.immoweb.be/en/classified/ground-floor/for-sale/gent/9000/10665519,apartment,ground floor,339000,3,150.0,9000,False,,,True,installed
https://www.immoweb.be/en/classified/house/for-sale/poederlee/2275/10665516,house,house,289000,4,163.0,2275,False,300,616,True,semi equipped
https://www.immoweb.be/en/classified/apartment/for-sale/watermael-boitsfort/1170/10665515,apartment,apartment,240000,1,50.0,1170,False,,,True,hyper equipped
https://www.immoweb.be/en/classified/house/for-sale/mornimont/5190/10588935,house,house,225000,4,250.0,5190,False,240,530,True,semi equipped
https://www.immoweb.be/en/classified/apartment/for-sale/de%20pinte/9840/10665511,apartment,apartment,722241,2,118.0,9840,False,,,True,semi equipped
https://www.immoweb.be/en/classified/house/for-sale/braine-l%27alleud/1420/10665508,house,house,327500,3,126.0,1420,False,115,201,True,installed
https://www.immoweb.be/en/classified/house/for-sale/montegn%C3%89e/4420/10665502,house,house,269000,4,,4420,False,,455,True,installed
https://www.immoweb.be/en/classified/house/for-sale/vezin/5300/10665501,house,house,749000,5,305.0,5300,False,,6250,True,
https://www.immoweb.be/en/classified/house/for-sale/vezin/5300/10665500,house,house,549000,5,305.0,5300,False,,2950,True,
https://www.immoweb.be/en/classified/house/for-sale/seraing/4100/10665498,house,house,159000,2,95.0,4100,False,,182,True,
https://www.immoweb.be/en/classified/house/for-sale/stabroek/2940/10554963,house,house,410000,3,150.0,2940,False,,447,True,installed
https://www.immoweb.be/en/classified/apartment/for-sale/deurne/2100/10665489,apartment,apartment,209000,2,97.0,2100,False,,,True,semi equipped
https://www.immoweb.be/en/classified/mixed-use-building/for-sale/geraardsbergen/9500/10665487,house,mixed use building,99500,2,60.0,9500,False,,40,True,semi equipped
https://www.immoweb.be/en/classified/house/for-sale/ronse/9600/10665486,house,house,185000,3,,9600,False,,0,True,
https://www.immoweb.be/en/classified/house/for-sale/geraardsbergen/9500/10665485,house,house,99500,2,60.0,9500,False,,40,True,semi equipped
https://www.immoweb.be/en/classified/house/for-sale/geraardsbergen/9500/10665484,house,house,240000,3,125.0,9500,False,,58,True,installed
https://www.immoweb.be/en/classified/house/for-sale/geraardsbergen/9500/10665483,house,house,165000,4,140.0,9500,False,,50,True,semi equipped
https://www.immoweb.be/en/classified/house/for-sale/ronse/9600/10665482,house,house,299000,2,200.0,9600,False,,220,True,installed
https://www.immoweb.be/en/classified/house/for-sale/eghez%C3%A9e/5310/10665481,house,house,239000,4,181.0,5310,False,150,396,True,installed
https://www.immoweb.be/en/classified/apartment/for-sale/d%C3%89nia/03700/10665478,apartment,apartment,295000,2,59.0,03700,False,,,True,usa semi equipped
https://www.immoweb.be/en/classified/apartment-block/for-sale/antwerp/2018/10665475,house,apartment block,580000,0,270.0,2018,False,,0,True,not installed
https://www.immoweb.be/en/classified/apartment/for-sale/molenbeek%20st%20jean/1080/10665471,apartment,apartment,275000,2,105.0,1080,False,,,True,
https://www.immoweb.be/en/classified/villa/for-sale/beringen/3582/10665470,house,villa,349000,6,300.0,3582,True,,1648,True,installed
https://www.immoweb.be/en/classified/house/for-sale/hasti%C3%88re-lavaux/5540/10665469,house,house,129000,3,,5540,False,,620,True,semi equipped
https://www.immoweb.be/en/classified/house/for-sale/beringen/3582/10665464,house,house,349000,6,300.0,3582,True,,1648,True,installed
https://www.immoweb.be/en/classified/house/for-sale/blankenberge/8370/10665462,house,house,139000,4,124.0,8370,False,,83,True,semi equipped
https://www.immoweb.be/en/classified/house/for-sale/zoersel/2980/10577036,house,house,849000,3,222.0,2980,False,,5610,True,hyper equipped
https://www.immoweb.be/en/classified/house/for-sale/leuven/3000/10665461,house,house,359000,3,89.0,3000,False,,43,True,
https://www.immoweb.be/en/classified/house/for-sale/farciennes/6240/10665460,house,house,239000,2,,6240,False,,875,True,semi equipped
https://www.immoweb.be/en/classified/house/for-sale/leuven/3000/10665458,house,house,849000,6,260.0,3000,False,20,100,True,
https://www.immoweb.be/en/classified/house/for-sale/bruxelles%20ville/1000/10538711,house,house,675000,4,230.0,1000,False,25,112,True,installed
https://www.immoweb.be/en/classified/mixed-use-building/for-sale/bruxelles/1000/10470523,house,mixed use building,650000,3,206.0,1000,False,,0,True,usa semi equipped
https://www.immoweb.be/en/classified/apartment-block/for-sale/bruxelles%20%201/1000/10631151,house,apartment block,435000,3,126.0,1000,False,,72,True,installed
https://www.immoweb.be/en/classified/house/for-sale/brussels%20city/1000/10432231,house,house,499000,4,190.0,1000,False,,170,True,semi equipped
https://www.immoweb.be/en/classified/house/for-sale/brussels%20city/1000/10526874,house,house,885000,5,330.0,1000,False,,0,True,installed
https://www.immoweb.be/en/classified/house/for-sale/bruxelles/1000/10502717,house,house,395000,4,263.0,1000,False,,0,True,semi equipped
https://www.immoweb.be/en/classified/exceptional-property/for-sale/brussels%20city/1000/10625157,house,exceptional property,649000,3,230.0,1000,False,,0,True,usa hyper equipped
https://www.immoweb.be/en/classified/apartment-block/for-sale/bruxelles/1000/10618727,house,apartment block,2750000,13,706.0,1000,False,,421,True,hyper equipped
https://www.immoweb.be/en/classified/exceptional-property/for-sale/brussels%20city/1000/10123507,house,exceptional property,1050000,2,155.0,1000,False,20,50,True,usa installed
https://www.immoweb.be/en/classified/apartment-block/for-sale/bruxelles/1000/10586494,house,apartment block,999000,6,700.0,1000,False,,0,True,usa uninstalled
https://www.immoweb.be/en/classified/apartment-block/for-sale/brussels%20city/1000/10656646,house,apartment block,489000,3,180.0,1000,False,,65,True,installed
https://www.immoweb.be/en/classified/mixed-use-building/for-sale/bruxelles/1000/10313869,house,mixed use building,390000,2,175.0,1000,False,,0,True,
https://www.immoweb.be/en/classified/house/for-sale/bruxelles/1000/10313860,house,house,390000,2,175.0,1000,False,,0,True,
https://www.immoweb.be/en/classified/exceptional-property/for-sale/bruxelles/1000/10599038,house,exceptional property,595000,6,300.0,1000,False,,104,True,
https://www.immoweb.be/en/classified/apartment-block/for-sale/bruxelles/1000/10236755,house,apartment block,1420000,10,654.0,1000,False,,175,True,
https://www.immoweb.be/en/classified/apartment-block/for-sale/bruxelles/1000/10577513,house,apartment block,659000,7,285.0,1000,False,,0,True,semi equipped
https://www.immoweb.be/en/classified/apartment-block/for-sale/bruxelles/1000/10606631,house,apartment block,599000,4,385.0,1000,False,,0,True,semi equipped
https://www.immoweb.be/en/classified/villa/for-sale/brussels%20city/1000/10618443,house,villa,1050000,3,270.0,1000,False,700,929,True,installed
https://www.immoweb.be/en/classified/mixed-use-building/for-sale/bruxelles/1000/10435396,house,mixed use building,1420000,8,587.0,1000,False,,129,True,usa hyper equipped
https://www.immoweb.be/en/classified/mansion/for-sale/bruxelles/1000/10526299,house,mansion,779000,5,288.0,1000,False,75,0,True,hyper equipped
https://www.immoweb.be/en/classified/house/for-sale/brussels%20city/1000/10426095,house,house,1349000,6,420.0,1000,False,,410,True,usa hyper equipped
https://www.immoweb.be/en/classified/apartment-block/for-sale/bruxelles/1000/9897322,house,apartment block,1520000,10,654.0,1000,False,,175,True,
https://www.immoweb.be/en/classified/house/for-sale/bruxelles/1000/10618728,house,house,375000,1,80.0,1000,False,15,0,True,usa hyper equipped
https://www.immoweb.be/en/classified/house/for-sale/brussel/1000/9962541,house,house,450000,1,100.0,1000,False,,30,True,
https://www.immoweb.be/en/classified/apartment-block/for-sale/bruxelles/1000/10661951,house,apartment block,750000,3,180.0,1000,False,,0,True,
https://www.immoweb.be/en/classified/apartment-block/for-sale/bruxelles/1000/10586490,house,apartment block,2200000,9,460.0,1000,False,,0,True,
https://www.immoweb.be/en/classified/apartment-block/for-sale/brussels%20city/1000/10635501,house,apartment block,2800000,0,650.0,1000,False,,0,True,
https://www.immoweb.be/en/classified/exceptional-property/for-sale/bruxelles/1000/10466601,house,exceptional property,350000,2,104.0,1000,False,,36,True,hyper equipped
https://www.immoweb.be/en/classified/apartment-block/for-sale/bruxelles/1000/10236756,house,apartment block,1300000,6,440.0,1000,False,,106,True,
https://www.immoweb.be/en/classified/apartment-block/for-sale/bruxelles/1000/9897481,house,apartment block,1300000,6,440.0,1000,False,,106,True,
https://www.immoweb.be/en/classified/apartment/for-sale/antwerp/2000/10665455,apartment,apartment,239000,1,46.0,2000,False,,,True,installed
https://www.immoweb.be/en/classified/apartment/for-sale/antwerp/2000/10665454,apartment,apartment,485000,1,54.0,2000,False,,,True,installed
https://www.immoweb.be/en/classified/villa/for-sale/eupen/4700/10665453,house,villa,890000,5,560.0,4700,False,3000,3433,True,hyper equipped
https://www.immoweb.be/en/classified/house/for-sale/puurs-sint-amands/2890/10665452,house,house,495000,3,180.0,2890,False,,0,True,
https://www.immoweb.be/en/classified/villa/for-sale/wielsbeke/8710/10665450,house,villa,550000,4,250.0,8710,False,,801,True,installed
https://www.immoweb.be/en/classified/apartment/for-sale/antwerp/2018/10665448,apartment,apartment,275000,2,85.0,2018,False,,,True,installed
https://www.immoweb.be/en/classified/house/for-sale/lokeren/9160/10665439,house,house,210000,3,180.0,9160,False,,103,True,
https://www.immoweb.be/en/classified/apartment/for-sale/mechelen/2800/10665438,apartment,apartment,297000,3,145.0,2800,False,,,True,
https://www.immoweb.be/en/classified/house/for-sale/menen/8930/10665437,house,house,99000,3,96.0,8930,False,,55,True,
https://www.immoweb.be/en/classified/house/for-sale/menen/8930/10665436,house,house,220000,4,185.0,8930,False,45,123,True,
https://www.immoweb.be/en/classified/house/for-sale/maarkedal/9680/10665435,house,house,549000,3,166.0,9680,False,,519,True,
https://www.immoweb.be/en/classified/apartment/for-sale/sint-andries/8200/10665434,apartment,apartment,220000,2,88.0,8200,False,,,True,
https://www.immoweb.be/en/classified/penthouse/for-sale/braine-l%27alleud/1420/10665433,apartment,penthouse,720000,3,164.0,1420,False,,,True,hyper equipped
https://www.immoweb.be/en/classified/house/for-sale/ieper/8900/10665431,house,house,119000,2,,8900,False,5,0,True,
https://www.immoweb.be/en/classified/house/for-sale/oostende/8400/10665428,house,house,495000,4,,8400,False,,0,True,
https://www.immoweb.be/en/classified/house/for-sale/halle/1500/10665426,house,house,259000,3,116.0,1500,False,,80,True,
https://www.immoweb.be/en/classified/apartment/for-sale/ninove/9400/10665419,apartment,apartment,199000,2,76.0,9400,False,60,,True,installed
https://www.immoweb.be/en/classified/villa/for-sale/anderlues/6150/10665418,house,villa,475000,6,380.0,6150,False,5880,7428,True,semi equipped
https://www.immoweb.be/en/classified/mixed-use-building/for-sale/kraainem/1950/10665409,house,mixed use building,795000,0,290.0,1950,False,60,176,True,
https://www.immoweb.be/en/classified/duplex/for-sale/willebroek/2830/10665406,apartment,duplex,305000,3,140.0,2830,False,,,True,hyper equipped
https://www.immoweb.be/en/classified/house/for-sale/waregem/8790/10665403,house,house,315000,3,165.0,8790,False,,292,True,installed
https://www.immoweb.be/en/classified/house/for-sale/lonzee/5030/10665402,house,house,250000,2,120.0,5030,False,200,427,True,not installed
https://www.immoweb.be/en/classified/exceptional-property/for-sale/uccle/1180/10665398,house,exceptional property,1950000,6,502.0,1180,False,,1100,True,not installed
https://www.immoweb.be/en/classified/apartment/for-sale/ledeberg/9050/10665395,apartment,apartment,245000,2,102.0,9050,False,,,True,installed
https://www.immoweb.be/en/classified/house/for-sale/roeselare/8800/10665394,house,house,275000,3,224.0,8800,False,,524,True,installed
https://www.immoweb.be/en/classified/house/for-sale/veurne/8630/10665392,house,house,580000,3,164.0,8630,False,538,538,True,installed
https://www.immoweb.be/en/classified/house/for-sale/veurne/8630/10665391,house,house,555000,3,156.0,8630,False,,539,True,installed
https://www.immoweb.be/en/classified/apartment/for-sale/westende/8434/10665390,apartment,apartment,159000,1,36.0,8434,False,,,True,installed
https://www.immoweb.be/en/classified/chalet/for-sale/stekene/9190/10665378,house,chalet,235000,2,139.0,9190,False,,4197,True,
https://www.immoweb.be/en/classified/apartment-block/for-sale/rocourt/4000/10665364,house,apartment block,249000,3,200.0,4000,False,,220,True,
